City,Lat,lng,Max Temp,Humidity,Cloudiness,Wind Speed,Country,Date
port alfred,-33.5906,26.891,65.77,30.0,99.0,8.9,ZA,1627776229.0
hilo,19.7297,-155.09,80.11,78.0,60.0,8.01,US,1627775940.0
mahenge,-8.6833,36.7167,61.9,63.0,93.0,3.83,TZ,1627776229.0
saldanha,-33.0117,17.9442,55.45,68.0,36.0,6.26,ZA,1627775979.0
butaritari,3.0707,172.7902,82.08,74.0,38.0,8.93,KI,1627776230.0
tilichiki,60.4667,166.1,56.35,41.0,43.0,5.44,RU,1627776230.0
saint george,37.1041,-113.5841,90.19,40.0,1.0,12.66,US,1627776010.0
ponta do sol,32.6667,-17.1,71.71,72.0,13.0,9.1,PT,1627776231.0
kodiak,57.79,-152.4072,62.11,72.0,90.0,8.05,US,1627776231.0
avarua,-21.2078,-159.775,77.05,69.0,40.0,11.5,CK,1627776232.0
albany,42.6001,-73.9662,66.85,68.0,38.0,1.99,US,1627775969.0
sorland,67.667,12.6934,49.35,78.0,100.0,12.68,NO,1627776232.0
araouane,18.9048,-3.5265,96.44,30.0,37.0,8.37,ML,1627776233.0
ushuaia,-54.8,-68.3,35.73,89.0,100.0,12.75,AR,1627776233.0
aksarka,66.5606,67.7975,47.82,81.0,73.0,5.37,RU,1627776233.0
barrow,71.2906,-156.7887,48.22,95.0,90.0,20.71,US,1627776102.0
sisimiut,66.9395,-53.6735,50.38,73.0,23.0,2.64,GL,1627776088.0
polyarnyy,69.1989,33.4478,52.27,80.0,100.0,4.7,RU,1627776234.0
galle,6.0367,80.217,78.51,86.0,50.0,12.06,LK,1627776235.0
bluff,-46.6,168.3333,49.8,92.0,100.0,1.88,NZ,1627776037.0
pontianak,-0.0333,109.3333,80.58,89.0,40.0,4.61,ID,1627776235.0
vila velha,-20.3297,-40.2925,62.55,94.0,90.0,4.61,BR,1627775936.0
upernavik,72.7868,-56.1549,43.36,78.0,100.0,2.55,GL,1627776053.0
hermanus,-34.4187,19.2345,53.8,89.0,99.0,7.05,ZA,1627776128.0
college,64.8569,-147.8028,80.58,43.0,40.0,9.22,US,1627776236.0
nautla,20.2167,-96.7833,85.15,66.0,77.0,8.48,MX,1627776237.0
tabou,4.423,-7.3528,76.17,86.0,98.0,10.25,CI,1627775987.0
jalu,29.0331,21.5482,87.13,18.0,0.0,9.44,LY,1627775948.0
narsaq,60.9167,-46.05,50.22,75.0,83.0,4.23,GL,1627776237.0
fairbanks,64.8378,-147.7164,82.09,43.0,1.0,1.01,US,1627776238.0
hamilton,39.1834,-84.5333,73.69,70.0,90.0,1.99,US,1627776237.0
torbay,47.6666,-52.7314,62.67,84.0,39.0,18.39,CA,1627776238.0
kingseat,56.0974,-3.4084,55.76,93.0,75.0,1.99,GB,1627776239.0
adrar,20.5022,-10.0711,83.77,55.0,71.0,26.55,MR,1627776239.0
ribeira grande,38.5167,-28.7,71.51,85.0,45.0,5.93,PT,1627776239.0
jamestown,42.097,-79.2353,69.12,72.0,1.0,1.41,US,1627776240.0
itoman,26.1247,127.6694,84.58,94.0,75.0,16.11,JP,1627776240.0
scarborough,54.2797,-0.4044,58.53,92.0,100.0,1.01,GB,1627776222.0
hobart,-42.8794,147.3294,48.25,69.0,75.0,5.99,AU,1627776066.0
rikitea,-23.1203,-134.9692,70.41,71.0,23.0,10.87,PF,1627776241.0
la ronge,55.1001,-105.2842,77.25,36.0,40.0,5.75,CA,1627775999.0
ballina,-28.8667,153.5667,71.78,59.0,0.0,7.85,AU,1627776242.0
castro,-24.7911,-50.0119,46.87,81.0,98.0,7.4,BR,1627776075.0
boende,-0.2167,20.8667,75.34,68.0,100.0,3.04,CD,1627776242.0
sao felix do xingu,-6.6447,-51.995,83.19,35.0,85.0,0.65,BR,1627776243.0
yellowknife,62.456,-114.3525,83.28,45.0,19.0,1.99,CA,1627776033.0
esperance,-33.8667,121.9,48.04,79.0,60.0,24.29,AU,1627776243.0
thompson,55.7435,-97.8558,72.07,46.0,93.0,7.29,CA,1627776217.0
mackay,-21.15,149.2,75.69,77.0,91.0,6.85,AU,1627776244.0
cape town,-33.9258,18.4232,57.09,90.0,62.0,2.28,ZA,1627776076.0
kaeo,-35.1,173.7833,62.33,68.0,7.0,8.01,NZ,1627776245.0
goderich,43.7501,-81.7165,72.91,76.0,88.0,11.41,CA,1627776245.0
busselton,-33.65,115.3333,45.09,73.0,91.0,27.56,AU,1627776245.0
provideniya,64.3833,-173.3,46.96,77.0,95.0,4.43,RU,1627776246.0
lebu,-37.6167,-73.65,47.37,85.0,0.0,14.27,CL,1627776246.0
manono,-7.3,27.4167,72.48,33.0,0.0,6.98,CD,1627776246.0
new norfolk,-42.7826,147.0587,48.92,51.0,11.0,7.45,AU,1627776247.0
varadero,23.1536,-81.2514,83.12,79.0,45.0,14.27,CU,1627776004.0
vaini,-21.2,-175.2,73.71,75.0,100.0,26.87,TO,1627776248.0
lompoc,34.6391,-120.4579,85.69,71.0,1.0,7.0,US,1627776248.0
bilibino,68.0546,166.4372,50.94,49.0,89.0,8.55,RU,1627776249.0
severo-kurilsk,50.6789,156.125,55.54,83.0,99.0,9.86,RU,1627776249.0
cerrito,6.8432,-72.694,54.39,92.0,80.0,7.49,CO,1627776249.0
naze,28.3667,129.4833,79.59,85.0,100.0,11.59,JP,1627776250.0
loandjili,-4.7561,11.8578,72.16,85.0,11.0,4.65,CG,1627776250.0
codrington,-38.2667,141.9667,48.34,84.0,30.0,10.16,AU,1627776251.0
somerton,32.5964,-114.7097,105.37,29.0,1.0,6.91,US,1627776251.0
mayumba,-3.432,10.6554,71.65,88.0,8.0,4.63,GA,1627776252.0
fortuna,40.5982,-124.1573,69.85,87.0,90.0,13.8,US,1627776252.0
khatanga,71.9667,102.5,66.67,66.0,84.0,8.68,RU,1627776252.0
punta arenas,-53.15,-70.9167,39.31,65.0,0.0,11.5,CL,1627776253.0
skeldon,5.8833,-57.1333,76.19,90.0,54.0,3.27,GY,1627776253.0
hithadhoo,-0.6,73.0833,80.67,74.0,67.0,5.23,MV,1627776253.0
cidreira,-30.1811,-50.2056,57.4,85.0,14.0,15.73,BR,1627776254.0
dikson,73.5069,80.5464,40.32,100.0,100.0,20.69,RU,1627776254.0
barcelos,41.5388,-8.6151,60.85,92.0,41.0,3.91,PT,1627776255.0
tuktoyaktuk,69.4541,-133.0374,51.46,89.0,100.0,8.79,CA,1627776255.0
vila franca do campo,37.7167,-25.4333,70.21,90.0,56.0,5.12,PT,1627776255.0
cabo san lucas,22.8909,-109.9124,93.51,71.0,75.0,17.27,MX,1627776225.0
sitka,57.0531,-135.33,64.29,77.0,75.0,6.91,US,1627776256.0
mansehra,34.3333,73.2,69.66,88.0,16.0,4.61,PK,1627776256.0
port elizabeth,-33.918,25.5701,60.28,38.0,87.0,4.72,ZA,1627776257.0
arraial do cabo,-22.9661,-42.0278,66.42,64.0,96.0,14.07,BR,1627776257.0
nova odesa,47.3078,31.7851,74.43,60.0,12.0,3.78,UA,1627776258.0
egvekinot,66.3167,-179.1667,40.78,58.0,90.0,3.29,RU,1627776258.0
carahue,-38.7,-73.1667,41.2,88.0,2.0,0.65,CL,1627776259.0
saint anthony,45.0205,-93.218,84.81,38.0,1.0,4.0,US,1627776259.0
riverton,40.5219,-111.9391,91.4,36.0,1.0,1.99,US,1627776259.0
batagay,67.6333,134.6333,64.76,38.0,28.0,9.24,RU,1627776260.0
troitskoye,52.9821,84.6757,61.34,59.0,83.0,5.06,RU,1627776260.0
lumphat,13.4878,106.9816,75.16,98.0,95.0,4.97,KH,1627776260.0
todos santos,23.45,-110.2167,93.0,77.0,86.0,4.54,MX,1627776261.0
skibbereen,51.55,-9.2667,57.0,89.0,56.0,6.22,IE,1627776261.0
mataura,-46.1927,168.8643,49.48,99.0,100.0,1.16,NZ,1627776262.0
alofi,-19.0595,-169.9187,78.08,83.0,100.0,27.27,NU,1627776262.0
petropavlovsk-kamchatskiy,53.0452,158.6483,57.79,94.0,75.0,4.47,RU,1627776262.0
chokurdakh,70.6333,147.9167,42.6,73.0,100.0,19.6,RU,1627776263.0
mayo,38.8876,-76.5119,79.38,69.0,70.0,1.01,US,1627776085.0
mustafabad,30.8922,73.4989,86.58,66.0,4.0,5.46,PK,1627776263.0
nsanje,-16.92,35.262,61.48,97.0,26.0,3.13,MW,1627776264.0
caraballeda,10.6112,-66.8522,82.47,78.0,75.0,2.3,VE,1627776264.0
kyrylivka,46.3759,35.3675,77.63,57.0,0.0,5.3,UA,1627776264.0
vestmannaeyjar,63.4427,-20.2734,53.67,93.0,100.0,3.09,IS,1627776265.0
mkuranga,-7.118,39.2078,72.16,79.0,62.0,8.46,TZ,1627776265.0
bilma,18.6853,12.9164,92.79,20.0,14.0,8.72,NE,1627776266.0
kahului,20.8947,-156.47,87.96,64.0,20.0,28.77,US,1627776266.0
korla,41.7597,86.1469,71.37,32.0,96.0,18.77,CN,1627776266.0
bathsheba,13.2167,-59.5167,83.01,78.0,40.0,14.97,BB,1627776267.0
mount darwin,-16.7725,31.5838,49.69,94.0,11.0,2.73,ZW,1627776267.0
mar del plata,-38.0023,-57.5575,49.12,28.0,36.0,7.0,AR,1627776000.0
kapaa,22.0752,-159.319,88.12,68.0,20.0,5.01,US,1627776268.0
bajos de haina,18.4154,-70.0332,82.33,85.0,22.0,5.03,DO,1627776268.0
phalodi,27.1333,72.3667,86.59,63.0,93.0,16.91,IN,1627776268.0
chaman,30.9236,66.4512,76.95,19.0,1.0,6.71,PK,1627776269.0
ploemeur,47.7333,-3.4333,60.82,96.0,0.0,4.61,FR,1627776269.0
comodoro rivadavia,-45.8667,-67.5,47.25,47.0,45.0,15.86,AR,1627776002.0
georgetown,5.4112,100.3354,78.73,92.0,40.0,3.44,MY,1627776270.0
bethel,41.3712,-73.414,71.96,72.0,1.0,3.44,US,1627776270.0
makanya,-4.3667,37.8333,62.4,88.0,77.0,4.36,TZ,1627776271.0
chitrakonda,18.1167,82.0833,71.89,97.0,98.0,3.51,IN,1627776271.0
ahipara,-35.1667,173.1667,59.49,61.0,8.0,5.55,NZ,1627776114.0
katsuura,35.1333,140.3,86.14,75.0,68.0,4.74,JP,1627776272.0
neuquen,-38.9516,-68.0591,49.24,53.0,17.0,8.52,AR,1627776008.0
tasiilaq,65.6145,-37.6368,46.56,82.0,49.0,4.18,GL,1627776273.0
nikolskoye,59.7035,30.7861,61.81,98.0,41.0,5.64,RU,1627776273.0
mount gambier,-37.8333,140.7667,49.28,84.0,11.0,7.4,AU,1627776273.0
garden city,42.3256,-83.331,79.05,54.0,20.0,1.01,US,1627776215.0
alvorada,-12.48,-49.1247,81.55,36.0,95.0,4.99,BR,1627776274.0
danilovka,50.3557,44.1168,70.0,68.0,58.0,3.76,RU,1627776274.0
atuona,-9.8,-139.0333,76.91,69.0,57.0,13.71,PF,1627776275.0
the valley,18.217,-63.0578,83.1,79.0,1.0,17.0,AI,1627776275.0
broome,42.2506,-75.833,66.65,59.0,1.0,0.0,US,1627776276.0
nova friburgo,-22.2819,-42.5311,49.42,96.0,90.0,2.08,BR,1627776276.0
port talbot,51.5924,-3.7802,60.98,87.0,67.0,4.65,GB,1627776276.0
burns lake,54.2331,-125.7533,90.75,18.0,0.0,5.01,CA,1627776009.0
kaitangata,-46.2817,169.8464,49.1,97.0,100.0,2.51,NZ,1627776277.0
inverell,-29.7833,151.1167,65.1,75.0,0.0,3.0,AU,1627776277.0
acari,-15.4311,-74.6158,67.39,67.0,63.0,3.8,PE,1627776278.0
greymouth,-42.4667,171.2,55.44,75.0,100.0,4.88,NZ,1627775982.0
ulaangom,49.9811,92.0667,59.25,66.0,100.0,4.54,MN,1627776278.0
souillac,-20.5167,57.5167,69.37,80.0,12.0,14.05,MU,1627776279.0
caucaia,-3.7361,-38.6531,80.04,76.0,70.0,8.93,BR,1627776129.0
bredasdorp,-34.5322,20.0403,53.28,89.0,100.0,5.14,ZA,1627776279.0
kavaratti,10.5669,72.642,81.16,81.0,18.0,15.52,IN,1627775997.0
victoria,22.2855,114.1577,86.38,89.0,99.0,5.01,HK,1627776170.0
maturin,9.75,-63.1767,74.41,94.0,36.0,5.68,VE,1627776280.0
kogon,39.7228,64.5517,75.24,29.0,0.0,11.5,UZ,1627776281.0
haldensleben,52.2891,11.4098,61.92,94.0,42.0,8.81,DE,1627776281.0
pisco,-13.7,-76.2167,63.01,82.0,9.0,10.36,PE,1627776281.0
pangnirtung,66.1451,-65.7125,53.02,63.0,100.0,3.98,CA,1627776282.0
dumas,35.8656,-101.9732,87.94,27.0,40.0,6.91,US,1627776282.0
shingu,33.7333,135.9833,83.91,66.0,29.0,2.75,JP,1627776283.0
lufilufi,-13.8745,-171.5986,85.78,79.0,46.0,22.17,WS,1627776283.0
leningradskiy,69.3833,178.4167,34.86,87.0,100.0,18.34,RU,1627776283.0
las vegas,36.175,-115.1372,95.43,42.0,1.0,8.05,US,1627776137.0
pevek,69.7008,170.3133,37.15,77.0,95.0,11.14,RU,1627776284.0
shache,38.4167,77.2406,79.48,33.0,100.0,17.87,CN,1627776284.0
portland,45.5234,-122.6762,88.52,48.0,99.0,8.34,US,1627776006.0
taoudenni,22.6783,-3.9836,101.68,13.0,1.0,8.1,ML,1627776022.0
harper,4.375,-7.7169,76.46,85.0,100.0,11.14,LR,1627776285.0
cockburn town,21.4612,-71.1419,82.29,82.0,31.0,19.13,TC,1627776066.0
san cristobal,7.7669,-72.225,77.18,98.0,51.0,5.03,VE,1627776286.0
codajas,-3.8367,-62.0569,77.02,59.0,70.0,1.39,BR,1627776286.0
yulara,-25.2406,130.9889,57.78,54.0,23.0,7.11,AU,1627776076.0
abu samrah,35.3029,37.1841,77.79,50.0,0.0,6.73,SY,1627776287.0
olinda,-8.0089,-34.8553,75.85,80.0,17.0,14.5,BR,1627776115.0
tocopilla,-22.092,-70.1979,63.95,70.0,23.0,8.55,CL,1627776287.0
zlin,49.2267,17.6663,69.6,86.0,96.0,1.97,CZ,1627776287.0
gizo,-8.103,156.8419,82.0,75.0,93.0,16.96,SB,1627776288.0
tiznit,29.5833,-9.5,79.16,42.0,9.0,2.84,MA,1627776288.0
bucak,37.4592,30.595,77.04,33.0,0.0,7.07,TR,1627776289.0
yakovlevka,44.425,133.4772,82.71,58.0,20.0,7.18,RU,1627776289.0
espoo,60.25,24.6667,62.01,86.0,20.0,5.75,FI,1627776290.0
mandera,3.9366,41.867,77.14,56.0,100.0,18.41,KE,1627776290.0
ahuimanu,21.4447,-157.8378,89.31,59.0,40.0,17.27,US,1627776290.0
ngunguru,-35.6167,174.5,62.17,64.0,9.0,11.92,NZ,1627776291.0
carnarvon,-24.8667,113.6333,61.29,59.0,45.0,9.84,AU,1627776048.0
beatrice,40.2681,-96.747,81.73,73.0,1.0,6.91,US,1627776291.0
grande prairie,55.1667,-118.8027,92.88,23.0,11.0,7.99,CA,1627776292.0
palana,59.1167,159.9667,48.69,62.0,97.0,12.12,RU,1627776292.0
cochrane,51.1834,-114.4687,88.39,21.0,2.0,10.0,CA,1627776014.0
kutum,14.2,24.6667,70.7,79.0,93.0,17.0,SD,1627776293.0
evreux,49.0241,1.1508,58.06,88.0,90.0,3.44,FR,1627776293.0
awbari,26.5921,12.7805,85.84,16.0,0.0,7.25,LY,1627776021.0
pathein,16.7833,94.7333,79.47,89.0,100.0,9.62,MM,1627776294.0
kijang,35.2442,129.2139,83.08,76.0,35.0,0.96,KR,1627776294.0
saskylakh,71.9167,114.0833,75.92,34.0,0.0,9.55,RU,1627776294.0
tuatapere,-46.1333,167.6833,49.82,95.0,100.0,1.25,NZ,1627776295.0
anori,-3.7728,-61.6442,77.02,59.0,44.0,2.21,BR,1627776295.0
baiyin,36.5583,104.2081,76.39,27.0,10.0,4.88,CN,1627776296.0
muros,42.7762,-9.0603,62.83,85.0,89.0,2.51,ES,1627776039.0
ambilobe,-13.2,49.05,62.24,72.0,0.0,4.23,MG,1627776296.0
ardakan,32.31,54.0175,85.89,19.0,59.0,5.91,IR,1627776297.0
pauini,-7.7136,-66.9764,72.95,44.0,39.0,2.37,BR,1627776297.0
saint-pierre,-21.3393,55.4781,65.84,72.0,20.0,5.75,RE,1627776298.0
luwuk,-0.9516,122.7875,81.18,78.0,30.0,4.92,ID,1627776298.0
anadyr,64.75,177.4833,48.7,61.0,20.0,5.99,RU,1627776298.0
yakeshi,49.2833,120.7333,55.94,91.0,100.0,3.8,CN,1627776299.0
walvis bay,-22.9575,14.5053,73.09,21.0,0.0,8.88,NA,1627776299.0
los llanos de aridane,28.6585,-17.9182,68.13,85.0,20.0,17.27,ES,1627776299.0
cherskiy,68.75,161.3,41.81,91.0,100.0,12.3,RU,1627776300.0
kuala terengganu,5.3302,103.1408,77.77,87.0,99.0,3.91,MY,1627776300.0
tiksi,71.6872,128.8694,41.86,84.0,91.0,8.99,RU,1627776301.0
juneau,58.3019,-134.4197,79.11,100.0,79.0,0.58,US,1627776029.0
inhambane,-23.865,35.3833,63.1,80.0,0.0,5.12,MZ,1627776301.0
te anau,-45.4167,167.7167,48.42,96.0,100.0,1.12,NZ,1627776302.0
longyearbyen,78.2186,15.6401,44.44,70.0,75.0,8.05,SJ,1627776303.0
puerto ayora,-0.7393,-90.3518,71.55,89.0,43.0,5.99,EC,1627776303.0
tonantins,-2.8731,-67.8022,72.7,69.0,70.0,1.5,BR,1627776304.0
corner brook,48.9667,-57.9484,57.33,93.0,93.0,3.98,CA,1627776304.0
mashhad,36.297,59.6062,68.14,37.0,0.0,0.0,IR,1627776036.0
san quintin,30.4833,-115.95,74.34,71.0,1.0,15.26,MX,1627776305.0
lorengau,-2.0226,147.2712,84.69,68.0,45.0,6.93,PG,1627776305.0
sibundoy,1.2048,-76.9237,55.31,99.0,98.0,2.8,CO,1627776305.0
huzhou,30.8703,120.0933,81.91,85.0,99.0,3.67,CN,1627776306.0
florence,43.7667,11.25,78.48,74.0,40.0,3.44,IT,1627776307.0
payson,40.0444,-111.7321,88.43,51.0,1.0,18.41,US,1627776307.0
severo-yeniseyskiy,60.3725,93.0408,57.02,56.0,37.0,2.93,RU,1627776308.0
quatre cocos,-20.2078,57.7625,69.1,71.0,3.0,15.37,MU,1627776308.0
san patricio,28.017,-97.5169,92.12,60.0,54.0,15.93,US,1627776308.0
kathu,7.9178,98.3332,82.22,79.0,100.0,18.57,TH,1627776309.0
buraydah,26.326,43.975,86.04,12.0,1.0,6.35,SA,1627776305.0
kamen-na-obi,53.7884,81.3423,63.55,39.0,83.0,4.7,RU,1627776309.0
mahebourg,-20.4081,57.7,69.26,74.0,9.0,15.73,MU,1627776310.0
srednebelaya,50.6594,128.0106,55.78,97.0,100.0,14.16,RU,1627776310.0
kholodnyy,62.7167,147.95,67.26,37.0,55.0,13.47,RU,1627776310.0
wanaka,-44.7,169.15,48.11,99.0,100.0,1.01,NZ,1627776033.0
grand gaube,-20.0064,57.6608,69.39,75.0,0.0,5.99,MU,1627776311.0
oranjemund,-28.55,16.4333,64.98,31.0,2.0,2.42,NA,1627776311.0
iqaluit,63.7506,-68.5145,54.7,66.0,67.0,10.42,CA,1627776312.0
east london,-33.0153,27.9116,66.51,24.0,96.0,6.64,ZA,1627776312.0
kingaroy,-26.5333,151.8333,60.84,100.0,90.0,11.5,AU,1627776312.0
coihaique,-45.5752,-72.0662,31.95,86.0,0.0,3.44,CL,1627776313.0
fort nelson,58.8053,-122.7002,89.8,24.0,0.0,3.2,CA,1627776014.0
luanda,-8.8368,13.2343,70.2,90.0,18.0,2.64,AO,1627776313.0
batsfjord,70.6345,29.7185,47.91,95.0,100.0,5.39,NO,1627776314.0
lasem,-6.6922,111.4527,76.8,77.0,66.0,6.62,ID,1627776314.0
belmonte,-15.8631,-38.8828,70.05,72.0,97.0,13.94,BR,1627776315.0
batemans bay,-35.7167,150.1833,59.99,82.0,27.0,9.6,AU,1627776315.0
porosozero,62.7191,32.727,52.83,97.0,9.0,4.54,RU,1627776315.0
salisbury,51.0693,-1.7957,61.48,93.0,40.0,5.66,GB,1627776148.0
socorro,31.6546,-106.3033,93.9,31.0,75.0,13.8,US,1627776316.0
carutapera,-1.195,-46.02,74.71,93.0,25.0,3.51,BR,1627776316.0
pyaozerskiy,65.8333,31.1667,49.62,91.0,90.0,0.65,RU,1627776317.0
cairns,-16.9167,145.7667,81.95,73.0,35.0,5.75,AU,1627776069.0
faanui,-16.4833,-151.75,77.38,66.0,99.0,16.28,PF,1627776317.0
norman wells,65.282,-126.8329,84.96,29.0,29.0,4.45,CA,1627776318.0
ewa beach,21.3156,-158.0072,89.55,52.0,20.0,12.66,US,1627776318.0
votkinsk,57.0486,53.9872,63.77,94.0,26.0,6.22,RU,1627776318.0
itaueira,-7.6033,-43.0256,74.71,65.0,17.0,12.44,BR,1627776319.0
culaman,5.9603,125.6586,82.76,76.0,96.0,2.55,PH,1627776319.0
tankhoy,51.5528,105.1306,61.72,85.0,86.0,4.03,RU,1627776320.0
hobyo,5.3505,48.5268,75.65,83.0,85.0,22.39,SO,1627776320.0
qaanaaq,77.484,-69.3632,41.05,88.0,94.0,3.53,GL,1627776320.0
bambous virieux,-20.3428,57.7575,69.22,72.0,7.0,15.82,MU,1627776321.0
tooele,40.5308,-112.2983,89.19,57.0,75.0,8.05,US,1627776200.0
urman,54.8831,56.8742,61.34,97.0,75.0,4.92,RU,1627776321.0
itarema,-2.9248,-39.9167,78.73,82.0,83.0,16.24,BR,1627776322.0
illapel,-31.6308,-71.1653,60.87,51.0,19.0,2.28,CL,1627776322.0
samarai,-10.6167,150.6667,78.49,65.0,89.0,13.82,PG,1627776323.0
moroto,2.5345,34.6666,66.36,81.0,100.0,4.41,UG,1627776323.0
aklavik,68.2191,-135.0107,79.74,35.0,89.0,15.5,CA,1627776323.0
yerbogachen,61.2767,108.0108,65.73,46.0,2.0,8.79,RU,1627776037.0
amahai,-3.3333,128.9167,79.99,82.0,56.0,1.5,ID,1627776324.0
luganville,-15.5333,167.1667,76.37,55.0,100.0,8.48,VU,1627776324.0
tibati,6.4667,12.6333,67.35,96.0,100.0,2.06,CM,1627776325.0
asau,46.4333,26.4,68.92,67.0,18.0,6.02,RO,1627776325.0
nkhotakota,-12.9274,34.2961,69.46,67.0,79.0,16.6,MW,1627776325.0
fort saint james,54.4333,-124.25,90.79,21.0,33.0,4.65,CA,1627776326.0
dryden,49.7833,-92.7503,71.13,36.0,84.0,11.36,CA,1627776326.0
bonthe,7.5264,-12.505,75.31,89.0,100.0,5.73,SL,1627776097.0
nanortalik,60.1432,-45.2371,47.64,82.0,91.0,11.18,GL,1627776327.0
waddan,29.1614,16.139,86.63,18.0,0.0,7.34,LY,1627776327.0
kununurra,-15.7667,128.7333,76.98,69.0,3.0,0.0,AU,1627776328.0
klaksvik,62.2266,-6.589,47.32,78.0,89.0,12.28,FO,1627776328.0
kudahuvadhoo,2.6708,72.8944,81.37,76.0,99.0,6.76,MV,1627776328.0
zheleznodorozhnyy,55.7503,38.0042,65.14,66.0,57.0,5.79,RU,1627776329.0
metro,-5.1131,105.3067,75.42,89.0,14.0,3.36,ID,1627776329.0
torrington,41.8007,-73.1212,69.15,73.0,1.0,1.7,US,1627776329.0
slave lake,55.2834,-114.769,87.37,29.0,0.0,3.33,CA,1627776228.0
dwarka,22.2394,68.9678,81.45,83.0,100.0,24.63,IN,1627776330.0
isangel,-19.55,169.2667,72.82,51.0,5.0,15.68,VU,1627776330.0
fuerte olimpo,-21.0415,-57.8738,69.78,19.0,100.0,9.75,PY,1627776331.0
yumen,40.2833,97.2,75.25,25.0,96.0,18.66,CN,1627776331.0
ketchikan,55.3422,-131.6461,70.27,64.0,1.0,16.11,US,1627776331.0
honiara,-9.4333,159.95,83.52,69.0,87.0,3.4,SB,1627776332.0
banposh,22.25,84.8,74.93,93.0,100.0,3.89,IN,1627776332.0
pizarro,4.9533,-77.366,79.52,88.0,83.0,7.02,CO,1627776333.0
zvecka,44.6389,20.1647,73.63,68.0,18.0,5.3,RS,1627776333.0
qinzhou,21.95,108.6167,79.41,93.0,100.0,8.7,CN,1627776334.0
kintampo,8.0563,-1.7306,70.74,94.0,94.0,6.13,GH,1627776334.0
west wendover,40.7391,-114.0733,85.21,32.0,1.0,17.27,US,1627776334.0
zhanaozen,43.3,52.8,83.14,22.0,25.0,6.06,KZ,1627776335.0
ilulissat,69.2167,-51.1,55.42,50.0,48.0,9.22,GL,1627776335.0
hasaki,35.7333,140.8333,84.6,79.0,38.0,4.88,JP,1627776336.0
greenwood,34.1668,-82.1165,87.8,76.0,1.0,0.0,US,1627776336.0
cayenne,4.9333,-52.3333,83.08,80.0,20.0,3.0,GF,1627776336.0
vysokogornyy,50.1167,139.15,64.76,80.0,98.0,3.78,RU,1627776337.0
labuhan,-6.8844,112.2051,77.41,78.0,60.0,7.2,ID,1627776337.0
chuy,-33.6971,-53.4616,47.52,92.0,0.0,4.61,UY,1627776338.0
moranbah,-22.0016,148.0466,73.35,59.0,0.0,4.99,AU,1627776338.0
nome,64.5011,-165.4064,49.15,92.0,100.0,17.07,US,1627776048.0
kloulklubed,7.0419,134.2556,79.3,72.0,92.0,10.47,PW,1627776339.0
saint-philippe,-21.3585,55.7679,65.75,83.0,38.0,13.09,RE,1627776339.0
sabya,17.1495,42.6254,84.47,62.0,90.0,5.97,SA,1627776340.0
havoysund,70.9963,24.6622,45.48,86.0,100.0,6.02,NO,1627776340.0
pangody,65.85,74.4859,49.6,77.0,19.0,6.85,RU,1627776341.0
rawson,-43.3002,-65.1023,44.15,47.0,1.0,14.03,AR,1627776341.0
morro bay,35.3658,-120.8499,88.68,62.0,22.0,3.0,US,1627776341.0
faya,18.3851,42.4509,61.32,72.0,99.0,4.68,SA,1627776342.0
srednekolymsk,67.45,153.6833,36.95,98.0,100.0,12.95,RU,1627776342.0
aras,42.5617,-2.356,55.81,67.0,75.0,6.91,ES,1627776342.0
ajaccio,42.0,8.9167,75.69,78.0,75.0,2.3,FR,1627776169.0
beringovskiy,63.05,179.3167,45.86,69.0,91.0,0.92,RU,1627776343.0
santa rosalia,27.3167,-112.2833,88.75,48.0,1.0,5.17,MX,1627776344.0
padang,-0.9492,100.3543,76.51,86.0,100.0,2.98,ID,1627776300.0
culebra,18.303,-65.301,83.19,80.0,12.0,15.86,PR,1627776344.0
laguna,38.421,-121.4238,102.9,31.0,1.0,5.99,US,1627776344.0
husavik,66.0449,-17.3389,53.67,72.0,88.0,2.82,IS,1627776345.0
palma del rio,37.7002,-5.2812,77.32,37.0,64.0,4.23,ES,1627776345.0
north bend,43.4065,-124.2243,79.25,88.0,75.0,13.8,US,1627776308.0
calabazar de sagua,22.6447,-79.8961,80.82,81.0,18.0,8.52,CU,1627776346.0
erzin,36.9559,36.2,79.52,83.0,1.0,1.39,TR,1627776346.0
moron,-34.6534,-58.6198,54.99,74.0,20.0,2.57,AR,1627776108.0
muzhi,65.3667,64.6667,51.42,77.0,99.0,6.33,RU,1627776347.0
fevik,58.3794,8.6766,56.97,81.0,95.0,12.17,NO,1627776347.0
chifeng,42.2683,118.9636,66.52,77.0,100.0,14.58,CN,1627776256.0
cudalbi,45.7833,27.7,69.08,84.0,44.0,8.23,RO,1627776348.0
bosaso,11.2842,49.1816,86.92,38.0,46.0,18.99,SO,1627776348.0
bjornevatn,69.6672,29.9847,48.54,100.0,90.0,4.61,NO,1627776348.0
touros,-5.1989,-35.4608,76.01,82.0,73.0,16.02,BR,1627776349.0
semey,50.4111,80.2275,61.02,44.0,0.0,8.95,KZ,1627776349.0
hami,42.8,93.45,77.2,39.0,100.0,7.65,CN,1627776349.0
luderitz,-26.6481,15.1594,67.59,25.0,0.0,7.87,NA,1627776350.0
mufumbwe,-13.6833,24.8,53.89,70.0,0.0,7.02,ZM,1627776350.0
alta floresta,-9.8756,-56.0861,76.57,31.0,23.0,5.08,BR,1627776351.0
lavrentiya,65.5833,-171.0,42.87,86.0,100.0,6.51,RU,1627776074.0
inuvik,68.3499,-133.7218,76.77,40.0,88.0,11.3,CA,1627776351.0
guanica,17.9716,-66.908,84.97,81.0,7.0,7.0,PR,1627776351.0
riberalta,-10.9833,-66.1,71.65,41.0,11.0,1.43,BO,1627776352.0
ryomgard,56.3843,10.503,59.0,89.0,75.0,7.0,DK,1627776352.0
tevaitoa,-16.7833,-151.5,76.95,66.0,99.0,15.23,PF,1627776353.0
port lincoln,-34.7333,135.8667,53.37,74.0,2.0,10.09,AU,1627776353.0
kizema,61.113,44.8302,53.08,99.0,73.0,6.98,RU,1627776354.0
khandyga,62.6667,135.6,70.32,41.0,1.0,3.22,RU,1627776354.0
sabha,27.0377,14.4283,87.1,15.0,0.0,8.84,LY,1627776355.0
marsa matruh,31.3525,27.2453,79.21,90.0,0.0,13.42,EG,1627776355.0
katangli,51.7102,143.2326,51.89,88.0,100.0,14.12,RU,1627776355.0
saint-augustin,51.226,-58.6502,54.75,89.0,100.0,17.63,CA,1627776106.0
huarmey,-10.0681,-78.1522,65.03,82.0,19.0,12.24,PE,1627776356.0
bundaberg,-24.85,152.35,73.69,56.0,0.0,14.97,AU,1627776356.0
vera cruz,-12.6333,-41.0333,67.91,69.0,99.0,7.83,BR,1627776357.0
de aar,-30.6497,24.0123,47.19,23.0,28.0,5.97,ZA,1627776357.0
kamaishi,39.2667,141.8833,74.35,85.0,90.0,1.3,JP,1627776357.0
silvassa,20.2667,73.0167,78.3,88.0,100.0,13.2,IN,1627776358.0
vardo,70.3705,31.1107,48.18,93.0,99.0,12.12,NO,1627776358.0
rafai,4.95,23.9167,67.62,99.0,100.0,3.65,CF,1627776359.0
muroto,33.2833,134.15,82.33,68.0,48.0,1.59,JP,1627776359.0
oriximina,-1.7656,-55.8661,72.99,95.0,98.0,2.37,BR,1627776359.0
altinopolis,-21.0256,-47.3739,57.11,44.0,34.0,4.79,BR,1627776360.0
mookane,-23.688,26.6595,50.68,43.0,0.0,4.83,BW,1627776360.0
severnyy,50.677,36.5532,71.64,64.0,0.0,0.0,RU,1627776361.0
bako,5.7833,36.5667,66.09,59.0,100.0,3.71,ET,1627776361.0
ulundi,-28.3352,31.4162,55.94,45.0,0.0,5.14,ZA,1627776361.0
marienburg,54.0359,19.0266,64.06,65.0,10.0,10.69,PL,1627776362.0
alice springs,-23.7,133.8833,62.15,55.0,0.0,11.5,AU,1627776362.0
guangyuan,32.442,105.823,80.62,85.0,11.0,2.19,CN,1627776362.0
bonfim,3.0833,-59.95,76.62,87.0,59.0,5.01,BR,1627776363.0
ancud,-41.8697,-73.8203,36.93,81.0,42.0,3.29,CL,1627776363.0
diamantino,-14.4086,-56.4461,72.19,28.0,52.0,2.08,BR,1627776364.0
soe,-9.8607,124.284,71.87,64.0,15.0,4.18,ID,1627776364.0
ust-ishim,57.6935,71.1665,52.29,95.0,6.0,3.69,RU,1627776364.0
hambantota,6.1241,81.1185,78.85,82.0,72.0,16.64,LK,1627776365.0
airai,-8.9266,125.4092,67.42,57.0,49.0,3.58,TL,1627776365.0
nerang,-27.9833,153.3333,70.03,74.0,1.0,5.01,AU,1627776226.0
bagotville,-28.9833,153.4167,73.42,58.0,0.0,5.79,AU,1627776366.0
weatherford,32.7593,-97.7972,97.81,49.0,4.0,6.93,US,1627776366.0
matara,5.9485,80.5353,77.38,88.0,52.0,10.56,LK,1627776366.0
placido de castro,-10.3353,-67.1856,72.95,40.0,14.0,2.1,BR,1627776367.0
kasongo-lunda,-6.4667,16.8167,76.3,28.0,86.0,1.61,CD,1627776367.0
gannavaram,16.5333,80.8,80.58,78.0,40.0,6.91,IN,1627776368.0
verkhnyaya toyma,62.2349,44.9985,50.41,99.0,73.0,3.36,RU,1627776368.0
bay roberts,47.5999,-53.2648,63.43,85.0,6.0,11.01,CA,1627776369.0
caconda,-13.7333,15.0667,54.81,33.0,0.0,4.76,AO,1627776369.0
qaqortoq,60.7167,-46.0333,50.5,81.0,90.0,3.67,GL,1627776369.0
berlevag,70.8578,29.0864,48.2,93.0,100.0,6.15,NO,1627776370.0
hervey bay,-25.2986,152.8535,67.44,74.0,0.0,12.64,AU,1627776162.0
sovetskiy,61.3614,63.5842,56.68,91.0,90.0,6.96,RU,1627776370.0
sobolevo,54.4299,31.8996,63.27,71.0,100.0,6.87,RU,1627776371.0
belaya gora,68.5333,146.4167,43.95,69.0,100.0,23.42,RU,1627776371.0
muisne,0.6,-80.0333,75.51,85.0,98.0,10.96,EC,1627776372.0
maraa,-1.8333,-65.3667,77.25,64.0,85.0,2.64,BR,1627776372.0
nemuro,43.3236,145.575,70.23,98.0,100.0,16.96,JP,1627776373.0
oktyabrskoye,43.0645,44.7417,59.14,94.0,38.0,4.47,RU,1627776373.0
talnakh,69.4865,88.3972,55.44,76.0,30.0,9.8,RU,1627776373.0
dunedin,-45.8742,170.5036,51.8,80.0,100.0,5.01,NZ,1627776374.0
hammerfest,70.6634,23.6821,45.05,87.0,90.0,2.3,NO,1627776374.0
chabahar,25.2919,60.643,83.91,81.0,22.0,10.07,IR,1627776374.0
grand-santi,4.25,-54.3833,74.59,94.0,80.0,3.11,GF,1627776375.0
pithapuram,17.1167,82.2667,78.8,79.0,97.0,6.85,IN,1627776375.0
miandrivazo,-19.5167,45.4667,66.72,55.0,1.0,4.07,MG,1627776376.0
coquimbo,-29.9533,-71.3436,57.42,77.0,25.0,1.77,CL,1627776120.0
olafsvik,64.8945,-23.7142,54.1,94.0,92.0,7.47,IS,1627776376.0
nikko,36.75,139.6167,81.01,65.0,3.0,3.74,JP,1627776376.0
aranos,-24.1333,19.1167,49.53,39.0,0.0,10.76,NA,1627776377.0
dakoro,14.5106,6.765,84.88,56.0,93.0,12.68,NE,1627776377.0
petatlan,17.5167,-101.2667,91.2,73.0,99.0,3.15,MX,1627776378.0
thiruvananthapuram,8.4833,76.9167,78.78,94.0,20.0,5.75,IN,1627776378.0
rio gallegos,-51.6226,-69.2181,40.03,54.0,100.0,19.3,AR,1627776378.0
muli,2.9167,73.5667,81.52,76.0,97.0,6.98,MV,1627776379.0
hualmay,-11.0964,-77.6139,64.06,83.0,20.0,11.36,PE,1627776379.0
severnoye,56.3491,78.3619,54.84,98.0,11.0,5.73,RU,1627776380.0
namasigue,13.2047,-87.1389,89.69,66.0,40.0,11.5,HN,1627776380.0
spearfish,44.4908,-103.8594,84.85,28.0,1.0,3.0,US,1627776380.0
koronowo,53.3137,17.937,63.32,68.0,2.0,9.66,PL,1627776381.0
geraldton,-28.7667,114.6,62.13,82.0,40.0,18.41,AU,1627776382.0
kidal,18.4411,1.4078,90.9,34.0,62.0,8.7,ML,1627776382.0
villarrobledo,39.2699,-2.6012,64.78,69.0,1.0,6.24,ES,1627776383.0
rio cuarto,-33.1307,-64.3499,49.77,46.0,0.0,8.05,AR,1627776355.0
liverpool,53.4106,-2.9779,59.18,85.0,90.0,1.99,GB,1627776099.0
dingli,35.8614,14.3822,82.81,65.0,0.0,3.44,MT,1627776383.0
maceio,-9.6658,-35.7353,74.91,84.0,36.0,18.52,BR,1627776158.0
malino,15.1257,120.6727,81.86,81.0,100.0,7.92,PH,1627776384.0
altoona,40.5187,-78.3947,73.4,68.0,28.0,4.0,US,1627776252.0
ankazoabo,-22.2833,44.5167,57.67,75.0,0.0,4.92,MG,1627776385.0
constitucion,-35.3333,-72.4167,52.27,79.0,37.0,6.46,CL,1627776356.0
tallahassee,30.4383,-84.2807,89.8,68.0,75.0,8.05,US,1627776271.0
nantucket,41.2835,-70.0995,69.03,73.0,1.0,10.36,US,1627776386.0
margate,51.3813,1.3862,61.03,90.0,54.0,1.01,GB,1627776386.0
castelo,-20.6036,-41.1847,60.91,92.0,61.0,1.5,BR,1627776386.0
swellendam,-34.0226,20.4417,55.54,50.0,86.0,2.08,ZA,1627776387.0
port hedland,-20.3167,118.5667,64.45,48.0,3.0,8.05,AU,1627776387.0
karratha,-20.7377,116.8463,61.66,45.0,1.0,9.22,AU,1627776388.0
astoria,46.1879,-123.8313,73.87,84.0,75.0,1.01,US,1627776307.0
chancay,-11.5714,-77.2672,62.56,86.0,38.0,8.37,PE,1627776388.0
umm kaddadah,13.6017,26.6876,81.34,61.0,73.0,19.8,SD,1627776389.0
noumea,-22.2763,166.4572,69.78,55.0,52.0,10.18,NC,1627776389.0
sao filipe,14.8961,-24.4956,75.63,85.0,79.0,8.3,CV,1627776390.0
les cayes,18.2,-73.75,77.88,89.0,56.0,1.83,HT,1627776390.0
roebourne,-20.7833,117.1333,62.26,46.0,1.0,9.22,AU,1627776391.0
alekseyevsk,57.8406,108.3492,66.38,46.0,3.0,7.83,RU,1627776391.0
lagoa,39.05,-27.9833,70.52,88.0,100.0,9.48,PT,1627776391.0
oussouye,12.485,-16.5469,77.34,89.0,100.0,12.5,SN,1627776392.0
capreol,46.706,-80.9225,57.9,92.0,100.0,1.66,CA,1627776108.0
leh,34.1667,77.5833,61.83,59.0,74.0,3.71,IN,1627776104.0
stromness,58.965,-3.296,52.05,75.0,100.0,19.3,GB,1627776393.0
hovd,48.0056,91.6419,55.13,81.0,100.0,6.13,MN,1627776393.0
cap malheureux,-19.9842,57.6142,69.48,75.0,0.0,5.99,MU,1627776394.0
yerofey pavlovich,53.9667,121.9667,52.63,98.0,100.0,4.27,RU,1627776394.0
tateyama,34.9833,139.8667,86.05,75.0,16.0,6.31,JP,1627776116.0
gonbad-e qabus,37.25,55.1672,78.13,70.0,61.0,4.92,IR,1627776394.0
uyutne,45.1994,33.3014,72.82,68.0,0.0,5.46,UA,1627776395.0
xai-xai,-25.0519,33.6442,58.96,91.0,0.0,4.21,MZ,1627776395.0
mangrol,21.1167,70.1167,81.32,84.0,100.0,21.12,IN,1627776396.0
ayorou,14.7308,0.9174,87.75,52.0,29.0,11.86,NE,1627776396.0
mao,39.8885,4.2658,64.96,94.0,90.0,17.27,ES,1627776396.0
nagai,38.1036,140.035,85.59,62.0,30.0,0.87,JP,1627776397.0
rundu,-17.9333,19.7667,51.4,42.0,1.0,6.42,NA,1627776397.0
flinders,-34.5833,150.8552,75.06,51.0,1.0,8.05,AU,1627776398.0
atbasar,51.8,68.3333,66.94,73.0,94.0,4.45,KZ,1627776398.0
gamba,-2.65,10.0,72.09,82.0,4.0,3.67,GA,1627776398.0
kavieng,-2.5744,150.7967,83.5,67.0,26.0,3.8,PG,1627776399.0
serenje,-13.2325,30.2352,51.12,91.0,51.0,9.62,ZM,1627776399.0
biskamzha,53.4497,89.5272,55.9,90.0,2.0,0.98,RU,1627776399.0
port hardy,50.6996,-127.4199,66.04,75.0,47.0,15.17,CA,1627776400.0
keti bandar,24.1447,67.4497,81.59,85.0,100.0,24.29,PK,1627776400.0
suntar,62.1444,117.6319,70.92,41.0,25.0,3.94,RU,1627776401.0
haines junction,60.7522,-137.5108,78.89,28.0,10.0,7.72,CA,1627776401.0
kruisfontein,-34.0033,24.7314,57.33,24.0,66.0,7.72,ZA,1627776401.0
bubaque,11.2833,-15.8333,77.88,88.0,100.0,19.75,GW,1627776402.0
urubicha,-15.3833,-62.95,68.99,44.0,11.0,0.94,BO,1627776402.0
lakes entrance,-37.8811,147.981,52.18,84.0,100.0,7.52,AU,1627776403.0
angoche,-16.2325,39.9086,72.99,75.0,25.0,12.57,MZ,1627776403.0
limbang,4.75,115.0,78.91,77.0,18.0,2.37,MY,1627776403.0
vanimo,-2.6741,141.3028,83.68,70.0,37.0,4.56,PG,1627776404.0
viedma,-40.8135,-62.9967,42.13,68.0,2.0,3.71,AR,1627776404.0
sao joao da barra,-21.6403,-41.0511,66.29,64.0,98.0,10.31,BR,1627776254.0
roald,62.5833,6.1333,56.16,76.0,90.0,17.27,NO,1627776405.0
manokwari,-0.8667,134.0833,82.17,71.0,73.0,1.54,ID,1627776405.0
sena madureira,-9.0656,-68.6569,73.47,44.0,14.0,1.45,BR,1627776405.0
kabardinka,44.6514,37.9428,68.22,76.0,1.0,3.4,RU,1627776406.0
amazar,53.858,120.875,52.86,98.0,100.0,3.91,RU,1627776406.0
bantry,51.6833,-9.45,56.68,93.0,15.0,5.61,IE,1627776407.0
marzuq,14.4,46.4667,76.87,67.0,20.0,4.65,YE,1627776407.0
baykit,61.67,96.37,61.77,68.0,4.0,1.66,RU,1627776408.0
seymchan,62.8833,152.4333,55.99,62.0,81.0,22.86,RU,1627776408.0
puerto del rosario,28.5004,-13.8627,71.35,78.0,15.0,19.57,ES,1627776408.0
marathon,44.9,-89.7668,72.93,82.0,1.0,5.75,US,1627776409.0
nizwa,22.9333,57.5333,86.79,53.0,41.0,0.94,OM,1627776409.0
eyl,7.9803,49.8164,76.15,71.0,71.0,16.87,SO,1627776410.0
havelock,34.8791,-76.9013,84.43,93.0,40.0,3.44,US,1627776410.0
kushima,31.4583,131.2333,80.11,70.0,91.0,3.33,JP,1627776410.0
sozimskiy,59.7418,52.2482,57.79,97.0,44.0,7.11,RU,1627776411.0
iwanai,42.9744,140.5089,88.84,51.0,20.0,1.39,JP,1627776411.0
pedasi,7.5333,-80.0333,82.13,76.0,20.0,1.19,PA,1627776412.0
lebedinyy,58.5167,125.5167,57.2,51.0,100.0,10.38,RU,1627776412.0
marawi,7.9986,124.2928,75.65,76.0,60.0,2.91,PH,1627776413.0
hokitika,-42.7167,170.9667,54.68,82.0,100.0,5.3,NZ,1627776138.0
yar-sale,66.8333,70.8333,47.12,87.0,23.0,7.56,RU,1627776413.0
richards bay,-28.783,32.0377,59.54,86.0,0.0,8.79,ZA,1627776413.0
escanaba,45.7453,-87.0646,72.03,80.0,40.0,5.75,US,1627776400.0
simao,22.7886,100.9748,67.89,95.0,98.0,1.01,CN,1627776414.0
yueyang,29.3333,113.0919,86.31,68.0,8.0,2.64,CN,1627776414.0
francistown,-21.17,27.5079,50.14,75.0,0.0,7.47,BW,1627776415.0
rongcheng,30.634,117.8517,83.17,80.0,7.0,1.39,CN,1627776415.0
sinnamary,5.3833,-52.95,78.76,85.0,88.0,8.66,GF,1627776416.0
bara,10.3744,10.7288,72.27,95.0,98.0,6.38,NG,1627776416.0
thunder bay,48.4001,-89.3168,71.29,58.0,93.0,6.26,CA,1627776156.0
clyde river,70.4692,-68.5914,38.84,88.0,100.0,3.42,CA,1627776417.0
evensk,61.95,159.2333,54.46,59.0,71.0,6.22,RU,1627776417.0
wattegama,6.7989,81.4808,75.24,79.0,92.0,4.09,LK,1627776418.0
dzhebariki-khaya,62.2167,135.8,70.88,41.0,1.0,2.8,RU,1627776418.0
lake charles,30.2131,-93.2044,91.38,69.0,1.0,10.36,US,1627776418.0
kangaba,11.9333,-8.4167,73.02,95.0,100.0,3.98,ML,1627776419.0
antigonish,45.6169,-61.9986,64.04,77.0,68.0,4.0,CA,1627776419.0
lata,40.1629,-8.3327,59.81,98.0,19.0,1.61,PT,1627776419.0
weirton,40.419,-80.5895,74.12,64.0,80.0,0.83,US,1627776271.0
garoua,9.3,13.4,73.35,84.0,100.0,2.21,CM,1627776420.0
laishevo,55.4046,49.5504,64.62,74.0,10.0,10.49,RU,1627776420.0
katherine,-14.4667,132.2667,80.92,61.0,26.0,4.61,AU,1627776421.0
manaoag,16.0333,120.4833,80.76,86.0,100.0,4.5,PH,1627776421.0
bandar-e lengeh,26.5579,54.8807,92.19,67.0,88.0,4.03,IR,1627776421.0
artigas,-30.4,-56.4667,49.68,82.0,8.0,6.24,UY,1627776422.0
swiebodzice,50.8598,16.3282,65.03,82.0,54.0,2.15,PL,1627776422.0
arman,59.7,150.1667,63.97,50.0,27.0,3.87,RU,1627776423.0
kadoma,34.7333,135.5833,86.65,56.0,37.0,0.69,JP,1627776423.0
saint andrews,34.0454,-81.1293,88.81,70.0,75.0,11.5,US,1627776423.0
altay,47.8667,88.1167,61.23,53.0,57.0,2.28,CN,1627776340.0
winnemucca,40.973,-117.7357,86.05,30.0,75.0,9.22,US,1627776199.0
san policarpo,12.1791,125.5072,84.45,73.0,100.0,9.42,PH,1627776424.0
caravelas,-17.7125,-39.2481,67.14,77.0,56.0,9.53,BR,1627776425.0
bengkulu,-3.8004,102.2655,74.79,90.0,43.0,3.58,ID,1627776425.0
porto feliz,-23.2147,-47.5239,56.03,78.0,99.0,11.21,BR,1627776426.0
porto de moz,-1.7483,-52.2383,72.23,96.0,93.0,2.33,BR,1627776426.0
hirara,24.8,125.2833,82.67,89.0,75.0,9.22,JP,1627776427.0
hit,33.6416,42.8251,94.82,14.0,0.0,11.5,IQ,1627776427.0
ko samui,9.5357,99.9357,81.97,79.0,95.0,16.67,TH,1627776427.0
phon,15.816,102.5998,83.1,80.0,97.0,13.67,TH,1627776428.0
banchory,57.0517,-2.4882,52.81,94.0,90.0,6.96,GB,1627776428.0
verkhnetulomskiy,68.6073,31.7962,51.93,90.0,99.0,2.04,RU,1627776428.0
bereda,43.2686,-7.5406,55.92,99.0,17.0,1.83,ES,1627776429.0
deputatskiy,69.3,139.9,45.23,68.0,99.0,6.22,RU,1627776429.0
palmer,42.1584,-72.3287,68.29,65.0,13.0,2.98,US,1627776430.0
hofn,64.2539,-15.2082,51.37,90.0,20.0,7.29,IS,1627776430.0
namikupa,-10.8333,39.6,62.64,92.0,18.0,3.42,TZ,1627776431.0
namibe,-15.1961,12.1522,68.54,77.0,20.0,6.89,AO,1627776431.0
paranaiba,-19.6772,-51.1908,66.63,26.0,36.0,6.62,BR,1627776432.0
guarapuava,-25.3953,-51.4581,46.85,59.0,100.0,2.68,BR,1627776432.0
abu dhabi,24.4667,54.3667,89.71,89.0,37.0,4.61,AE,1627776432.0
liepaja,56.5419,21.0367,62.65,82.0,75.0,6.91,LV,1627776433.0
avera,33.194,-82.5271,91.45,56.0,85.0,3.89,US,1627776433.0
takoradi,4.8845,-1.7554,75.81,88.0,62.0,6.67,GH,1627776434.0
plouzane,48.3833,-4.6167,57.52,94.0,0.0,4.61,FR,1627776434.0
tongliao,43.6125,122.2653,68.76,93.0,47.0,8.97,CN,1627776146.0
san rafael,-34.6177,-68.3301,50.9,51.0,41.0,5.5,AR,1627776434.0
calama,-22.4667,-68.9333,54.09,26.0,75.0,5.75,CL,1627776271.0
sembe,1.6481,14.5806,72.23,89.0,100.0,1.99,CG,1627776435.0
royan,45.6285,-1.0281,62.85,80.0,100.0,10.67,FR,1627776247.0
askarovo,53.3372,58.5089,63.55,77.0,75.0,6.71,RU,1627776436.0
kenai,60.5544,-151.2583,70.03,57.0,1.0,10.36,US,1627776436.0
kondopoga,62.2057,34.2614,54.09,96.0,18.0,4.36,RU,1627776436.0
korisos,40.5,21.3833,73.13,33.0,0.0,3.89,GR,1627776437.0
half moon bay,37.4636,-122.4286,91.58,65.0,40.0,1.01,US,1627776242.0
mango,27.9797,-82.3065,88.54,78.0,40.0,9.22,US,1627776437.0
kirakira,-10.4544,161.9205,81.41,66.0,84.0,6.58,SB,1627776438.0
salalah,17.0151,54.0924,77.09,94.0,90.0,5.75,OM,1627776438.0
lichuan,30.3,108.85,72.75,86.0,0.0,1.83,CN,1627776439.0
coolum beach,-26.5333,153.1,71.33,79.0,10.0,1.01,AU,1627776439.0
listvyanskiy,54.4399,83.4984,64.18,47.0,96.0,6.42,RU,1627776440.0
turukhansk,65.8167,87.9833,53.65,76.0,100.0,6.55,RU,1627776440.0
tuyen quang,21.8233,105.2181,76.86,98.0,100.0,1.34,VN,1627776441.0
dumai,1.6833,101.45,73.56,97.0,100.0,3.0,ID,1627776441.0
nichinan,31.6,131.3667,79.75,75.0,92.0,1.34,JP,1627776441.0
regina,50.4501,-104.6178,85.98,23.0,0.0,10.0,CA,1627776291.0
clonakilty,51.6231,-8.8706,56.41,90.0,42.0,8.86,IE,1627776442.0
kristiansund,63.1115,7.732,53.65,76.0,90.0,9.22,NO,1627776442.0
puerto colombia,10.9878,-74.9547,82.49,85.0,6.0,23.78,CO,1627776443.0
zhigansk,66.7697,123.3711,73.67,39.0,21.0,9.15,RU,1627776443.0
hirna,9.2167,41.1,58.1,85.0,63.0,7.94,ET,1627776443.0
lubango,-14.9172,13.4925,57.13,27.0,0.0,5.95,AO,1627776444.0
san juan,-31.5375,-68.5364,52.36,35.0,44.0,2.59,AR,1627776444.0
wasilla,61.5814,-149.4394,74.28,51.0,1.0,4.61,US,1627776445.0
diffa,13.3154,12.6113,82.26,60.0,87.0,6.76,NE,1627776445.0
douala,4.0483,9.7043,75.04,92.0,100.0,2.04,CM,1627776446.0
lamar,33.6668,-95.5836,95.65,53.0,1.0,6.91,US,1627776446.0
kristiinankaupunki,62.2743,21.376,56.64,92.0,100.0,5.14,FI,1627776446.0
rocha,-34.4833,-54.3333,45.34,79.0,37.0,3.2,UY,1627776447.0
